<step title="Incoming Request" date="2025-11-12T18:59:45.240" instance="e1d493" url="/api/zipdeploy?isAsync=true" method="POST" type="request" pid="768,1,7" Accept="*/*" Host="mapa-saas-app-1762971490.scm.azurewebsites.net" User-Agent="AZURECLI/2.79.0 (DEB)" Accept-Encoding="gzip, deflate" Authorization="Bea..." Cache-Control="no-cache" Content-Type="application/octet-stream" Content-Length="60045" x-ms-client-request-id="524a48d8-bff9-11f0-aaeb-c03532cae943" x-ms-artifact-checksum="d86c84d52a4cc1b473bcedf539be275ae1b7e6b5b1c855cc14f0c34d62c298a3" X-ARR-LOG-ID="524a48d8-bff9-11f0-aaeb-c03532cae943" CLIENT-IP="189.40.71.140:31896" X-SITE-DEPLOYMENT-ID="mapa-saas-app-1762971490" WAS-DEFAULT-HOSTNAME="mapa-saas-app-1762971490.scm.azurewebsites.net" X-Forwarded-Proto="https" X-AppService-Proto="https" X-Forwarded-TlsVersion="1.3" X-WAWS-Unencoded-URL="/api/zipdeploy?isAsync=true" X-Client-IP="189.40.71.140" X-Client-Port="31896" >
  <step title="ZipPushDeploy" date="2025-11-12T18:59:45.915" >
    <step title="ZipDeploy. Extract zip. Remote build." date="2025-11-12T18:59:45.926" /><!-- duration: 3ms -->
    <step title="None repository commit" date="2025-11-12T18:59:45.935" >
      <step title="Commit id: 732bf49b-ba7c-4834-a7af-0f4841e1a9bb" date="2025-11-12T18:59:45.937" Message="N/A" AuthorName="N/A" AuthorEmail="N/A" /><!-- duration: 2ms -->
    </step><!-- duration: 9ms -->
    <step title="Starting PushDeployAsync" date="2025-11-12T18:59:45.947" /><!-- duration: 7ms -->
    <step title="Writing artifact to /tmp/zipdeploy/73944854-2d4b-45ad-825e-5144c077c65e.zip" date="2025-11-12T18:59:45.958" >
      <step title="Writing multipart request body to /tmp/zipdeploy/73944854-2d4b-45ad-825e-5144c077c65e.zip" date="2025-11-12T18:59:45.963" /><!-- duration: 2ms -->
    </step><!-- duration: 1680ms -->
    <step title="Start deployment in the background" date="2025-11-12T18:59:47.644" >
      <step title="Acquiring Deployment Lock" date="2025-11-12T18:59:47.658" /><!-- duration: 18ms -->
      <step title="Cannot Acquire Deployment Lock already held" date="2025-11-12T18:59:47.701" /><!-- duration: 8ms -->
    </step><!-- duration: 188ms -->
    <step title="There is a deployment currently in progress. Please try again when it completes." date="2025-11-12T18:59:47.850" /><!-- duration: 20ms -->
  </step><!-- duration: 1998ms -->
  <step title="Outgoing response" date="2025-11-12T18:59:47.980" type="response" statusCode="409" statusText="Conflict" /><!-- duration: 3ms -->
</step><!-- duration: 2760ms -->
