<step title="Incoming Request" date="2025-11-12T18:59:45.390" instance="e1d493" url="/api/zipdeploy?isAsync=true" method="POST" type="request" pid="768,1,5" Accept="*/*" Host="mapa-saas-app-1762971490.scm.azurewebsites.net" User-Agent="AZURECLI/2.79.0 (DEB)" Accept-Encoding="gzip, deflate" Authorization="Bea..." Cache-Control="no-cache" Content-Type="application/octet-stream" Content-Length="60045" x-ms-client-request-id="9d5624fa-bff9-11f0-9c8e-c03532cae943" x-ms-artifact-checksum="d86c84d52a4cc1b473bcedf539be275ae1b7e6b5b1c855cc14f0c34d62c298a3" X-ARR-LOG-ID="9d5624fa-bff9-11f0-9c8e-c03532cae943" CLIENT-IP="189.40.71.140:31877" X-SITE-DEPLOYMENT-ID="mapa-saas-app-1762971490" WAS-DEFAULT-HOSTNAME="mapa-saas-app-1762971490.scm.azurewebsites.net" X-Forwarded-Proto="https" X-AppService-Proto="https" X-Forwarded-TlsVersion="1.3" X-WAWS-Unencoded-URL="/api/zipdeploy?isAsync=true" X-Client-IP="189.40.71.140" X-Client-Port="31877" >
  <step title="ZipPushDeploy" date="2025-11-12T18:59:45.915" >
    <step title="ZipDeploy. Extract zip. Remote build." date="2025-11-12T18:59:45.928" /><!-- duration: 4ms -->
    <step title="Starting PushDeployAsync" date="2025-11-12T18:59:45.938" /><!-- duration: 4ms -->
    <step title="Writing artifact to /tmp/zipdeploy/67e41b7b-3108-4ebc-9b42-897741284643.zip" date="2025-11-12T18:59:45.958" >
      <step title="Writing multipart request body to /tmp/zipdeploy/67e41b7b-3108-4ebc-9b42-897741284643.zip" date="2025-11-12T18:59:45.963" /><!-- duration: 2ms -->
    </step><!-- duration: 108ms -->
    <step title="Removing previous build artifact&apos;s manifest file" date="2025-11-12T18:59:46.085" >
      <step title="Start deployment in the background" date="2025-11-12T18:59:46.124" >
        <step title="Acquiring Deployment Lock" date="2025-11-12T18:59:46.164" /><!-- duration: 12ms -->
        <step title="Acquired Deployment Lock" date="2025-11-12T18:59:46.264" /><!-- duration: 17ms -->
      </step><!-- duration: 296ms -->
    </step><!-- duration: 343ms -->
    <step title="Outgoing response" date="2025-11-12T18:59:46.456" type="response" statusCode="202" statusText="Accepted" /><!-- duration: 2ms -->
  </step><!-- duration: 544ms -->
