<step title="BackgroundTrace" date="2025-11-12T18:59:46.131" instance="e1d493" url="/api/zipdeploy" method="POST" >
  <step title="Creating temporary deployment - FetchDeploymentManager" date="2025-11-12T18:59:46.294" /><!-- duration: 10ms -->
  <step title="Creating temporary deployment" date="2025-11-12T18:59:46.315" /><!-- duration: 103ms -->
  <step title="Performing fetch based deployment" date="2025-11-12T18:59:46.478" >
    <step title="Cleaning up temp folders from previous zip deployments and extracting pushed zip file /tmp/zipdeploy/67e41b7b-3108-4ebc-9b42-897741284643.zip (0.06 MB) to /tmp/zipdeploy/extracted" date="2025-11-12T18:59:47.703" >
      <step title="ChmodRecursive Process exited with total time taken in ms: 119" date="2025-11-12T18:59:47.921" /><!-- duration: 10ms -->
    </step><!-- duration: 247ms -->
    <step title="Deployment timer started" date="2025-11-12T18:59:49.993" >
      <step title="DeploymentManager.Deploy(id:905f97e6-0c75-4d07-8821-e82aedb4c0aa)" date="2025-11-12T18:59:49.997" >
        <step title="Collecting changeset information" date="2025-11-12T18:59:50.019" /><!-- duration: 119ms -->
        <step title="Updating submodules" date="2025-11-12T18:59:50.141" /><!-- duration: 1160ms -->
        <step title="Determining deployment builder" date="2025-11-12T18:59:51.849" >
          <step title="Builder is OryxBuilder" date="2025-11-12T18:59:51.885" /><!-- duration: 2ms -->
        </step><!-- duration: 39ms -->
        <step title="PreDeployment: context.CleanOutputPath False" date="2025-11-12T18:59:51.961" >
          <step title="PreDeployment: context.OutputPath /home/site/wwwroot" date="2025-11-12T18:59:52.154" >
            <step title="Building" date="2025-11-12T18:59:52.303" >
              <step title="Executing external process" date="2025-11-12T18:59:52.654" type="process" path="bash" arguments="-c &quot;oryx build /tmp/zipdeploy/extracted -o /home/site/wwwroot --platform python --platform-version 3.11 -p virtualenv_name=antenv --log-file /tmp/build-debug.log  -i /tmp/8de221da90ed773 --compress-destination-dir | tee /tmp/oryx-build.log ; exit $PIPESTATUS &quot;" >
                <step title="Cpu: python(941,26.690s)+ts(942,0.210s)+build.sh(940,0.000s)+build.sh(939,0.000s)+build.sh(818,0.110s)+oryx(797,4.560s)+tee(798,0.000s)+bash(796,0.000s)=total(31.550s)" date="2025-11-12T19:02:12.287" /><!-- duration: 29ms -->
                <step title="bash: no io activity for 61s, prev-cpu=-1.000s, current-cpu=31.550s" date="2025-11-12T19:02:12.346" /><!-- duration: 2ms -->
                <step title="Cpu: python(941,58.980s)+ts(942,0.210s)+build.sh(940,0.000s)+build.sh(939,0.000s)+build.sh(818,0.110s)+oryx(797,5.170s)+tee(798,0.000s)+bash(796,0.000s)=total(64.460s)" date="2025-11-12T19:03:12.876" /><!-- duration: 11ms -->
                <step title="bash: no io activity for 121s, prev-cpu=31.550s, current-cpu=64.460s" date="2025-11-12T19:03:12.906" /><!-- duration: 9ms -->
                <step title="Cpu: gzip(1061,43.150s)+sh(1060,0.000s)+tar(1059,2.620s)+build.sh(818,0.120s)+oryx(797,6.560s)+tee(798,0.000s)+bash(796,0.000s)=total(52.450s)" date="2025-11-12T19:05:09.796" /><!-- duration: 29ms -->
                <step title="bash: no io activity for 60s, prev-cpu=-1.000s, current-cpu=52.450s" date="2025-11-12T19:05:09.836" /><!-- duration: 30ms -->
              </step><!-- duration: 333271ms -->
              <step title="Using PythonDeploymentLogParser" date="2025-11-12T19:05:26.639" /><!-- duration: 2ms -->
              <step title="Triggering recycle (preview mode disabled)." date="2025-11-12T19:05:28.255" /><!-- duration: 2ms -->
              <step title="Modified file to trigger a restart of the app container." date="2025-11-12T19:05:28.302" /><!-- duration: 4ms -->
              <step title="Skip function trigger and logicapp sync because function is not enabled." date="2025-11-12T19:05:28.323" /><!-- duration: 2ms -->
            </step><!-- duration: 336918ms -->
          </step><!-- duration: 337069ms -->
          <step title="Cleaning up temp files" date="2025-11-12T19:05:29.225" /><!-- duration: 3880ms -->
          <step title="Cleaning up temp files" date="2025-11-12T19:05:33.117" /><!-- duration: 522ms -->
          <step title="Reloading status file with latest updates" date="2025-11-12T19:05:33.692" >
            <step title="WebHooksManager.PublishEventAsync: PostDeployment" date="2025-11-12T19:05:33.696" /><!-- duration: 204ms -->
          </step><!-- duration: 217ms -->
          <step title="Cleaning up temporary deployment - fetch deployment was successful" date="2025-11-12T19:05:33.933" /><!-- duration: 2ms -->
        </step><!-- duration: 341999ms -->
      </step><!-- duration: 343974ms -->
