<step title="Incoming Request" date="2025-11-12T18:37:38.716" instance="e1d493" url="/api/zipdeploy?isAsync=true" method="POST" type="request" pid="772,1,5" Accept="*/*" Host="mapa-saas-app-1762971490.scm.azurewebsites.net" User-Agent="AZURECLI/2.79.0 (DEB)" Accept-Encoding="gzip, deflate" Authorization="Bea..." Cache-Control="no-cache" Content-Type="application/octet-stream" Content-Length="60045" x-ms-client-request-id="8f418e84-bff6-11f0-a3fb-c03532cae943" x-ms-artifact-checksum="d86c84d52a4cc1b473bcedf539be275ae1b7e6b5b1c855cc14f0c34d62c298a3" X-ARR-LOG-ID="8f418e84-bff6-11f0-a3fb-c03532cae943" CLIENT-IP="189.40.71.140:60881" X-SITE-DEPLOYMENT-ID="mapa-saas-app-1762971490" WAS-DEFAULT-HOSTNAME="mapa-saas-app-1762971490.scm.azurewebsites.net" X-Forwarded-Proto="https" X-AppService-Proto="https" X-Forwarded-TlsVersion="1.3" X-WAWS-Unencoded-URL="/api/zipdeploy?isAsync=true" X-Client-IP="189.40.71.140" X-Client-Port="60881" >
  <step title="ZipPushDeploy" date="2025-11-12T18:37:39.584" >
    <step title="ZipDeploy. Extract zip. Remote build." date="2025-11-12T18:37:39.593" /><!-- duration: 2ms -->
    <step title="None repository commit" date="2025-11-12T18:37:39.601" >
      <step title="Commit id: 747d4402-df51-487a-9b72-43687fb30f54" date="2025-11-12T18:37:39.603" Message="N/A" AuthorName="N/A" AuthorEmail="N/A" /><!-- duration: 1ms -->
    </step><!-- duration: 4ms -->
    <step title="Starting PushDeployAsync" date="2025-11-12T18:37:39.607" /><!-- duration: 2ms -->
    <step title="Writing artifact to /tmp/zipdeploy/adb12675-30bc-4efe-934d-a1cddbdd17c6.zip" date="2025-11-12T18:37:39.616" >
      <step title="Writing multipart request body to /tmp/zipdeploy/adb12675-30bc-4efe-934d-a1cddbdd17c6.zip" date="2025-11-12T18:37:39.624" /><!-- duration: 1ms -->
    </step><!-- duration: 105ms -->
    <step title="Start deployment in the background" date="2025-11-12T18:37:39.728" >
      <step title="Acquiring Deployment Lock" date="2025-11-12T18:37:39.825" /><!-- duration: 1ms -->
      <step title="Acquired Deployment Lock" date="2025-11-12T18:37:39.878" /><!-- duration: 1ms -->
    </step><!-- duration: 266ms -->
  </step><!-- duration: 417ms -->
  <step title="Outgoing response" date="2025-11-12T18:37:40.022" type="response" statusCode="202" statusText="Accepted" /><!-- duration: 9ms -->
</step><!-- duration: 1316ms -->
