<step title="BackgroundTrace" date="2025-11-12T18:37:39.794" instance="e1d493" url="/api/zipdeploy" method="POST" >
  <step title="Creating temporary deployment - FetchDeploymentManager" date="2025-11-12T18:37:39.881" /><!-- duration: 1ms -->
  <step title="Creating temporary deployment" date="2025-11-12T18:37:39.884" /><!-- duration: 108ms -->
  <step title="Performing fetch based deployment" date="2025-11-12T18:37:40.043" >
    <step title="Cleaning up temp folders from previous zip deployments and extracting pushed zip file /tmp/zipdeploy/adb12675-30bc-4efe-934d-a1cddbdd17c6.zip (0.06 MB) to /tmp/zipdeploy/extracted" date="2025-11-12T18:37:41.364" >
      <step title="ChmodRecursive Process exited with total time taken in ms: 79" date="2025-11-12T18:37:41.498" /><!-- duration: 2ms -->
    </step><!-- duration: 138ms -->
    <step title="Deployment timer started" date="2025-11-12T18:37:43.529" >
      <step title="DeploymentManager.Deploy(id:747d4402-df51-487a-9b72-43687fb30f54)" date="2025-11-12T18:37:43.567" >
        <step title="Collecting changeset information" date="2025-11-12T18:37:43.668" /><!-- duration: 191ms -->
        <step title="Updating submodules" date="2025-11-12T18:37:43.888" /><!-- duration: 1428ms -->
        <step title="Determining deployment builder" date="2025-11-12T18:37:45.601" >
          <step title="Builder is OryxBuilder" date="2025-11-12T18:37:45.619" /><!-- duration: 1ms -->
        </step><!-- duration: 22ms -->
        <step title="PreDeployment: context.CleanOutputPath False" date="2025-11-12T18:37:45.705" >
          <step title="PreDeployment: context.OutputPath /home/site/wwwroot" date="2025-11-12T18:37:45.939" >
            <step title="Building" date="2025-11-12T18:37:46.329" >
              <step title="Executing external process" date="2025-11-12T18:37:48.371" type="process" path="bash" arguments="-c &quot;oryx build /tmp/zipdeploy/extracted -o /home/site/wwwroot --platform python --platform-version 3.11 -p virtualenv_name=antenv --log-file /tmp/build-debug.log  -i /tmp/8de221a928b10d9 --compress-destination-dir | tee /tmp/oryx-build.log ; exit $PIPESTATUS &quot;" >
                <step title="Cpu: python(926,42.860s)+ts(927,0.170s)+build.sh(925,0.000s)+build.sh(924,0.000s)+build.sh(825,0.070s)+oryx(799,6.530s)+tee(800,0.000s)+bash(798,0.000s)=total(49.600s)" date="2025-11-12T18:39:54.472" /><!-- duration: 9ms -->
                <step title="bash: no io activity for 60s, prev-cpu=-1.000s, current-cpu=49.600s" date="2025-11-12T18:39:54.492" /><!-- duration: 77ms -->
                <step title="Cpu: gzip(1041,39.020s)+sh(1040,0.000s)+tar(1039,2.330s)+build.sh(825,0.080s)+oryx(799,7.170s)+tee(800,0.000s)+bash(798,0.000s)=total(48.600s)" date="2025-11-12T18:42:16.938" /><!-- duration: 69ms -->
                <step title="bash: no io activity for 61s, prev-cpu=-1.000s, current-cpu=48.600s" date="2025-11-12T18:42:17.068" /><!-- duration: 9ms -->
              </step><!-- duration: 298888ms -->
              <step title="Using PythonDeploymentLogParser" date="2025-11-12T18:42:47.819" /><!-- duration: 2ms -->
              <step title="Triggering recycle (preview mode disabled)." date="2025-11-12T18:42:49.310" /><!-- duration: 6ms -->
              <step title="Modified file to trigger a restart of the app container." date="2025-11-12T18:42:49.381" /><!-- duration: 1ms -->
              <step title="Skip function trigger and logicapp sync because function is not enabled." date="2025-11-12T18:42:49.395" /><!-- duration: 3ms -->
            </step><!-- duration: 303862ms -->
          </step><!-- duration: 304255ms -->
          <step title="Cleaning up temp files" date="2025-11-12T18:42:50.195" /><!-- duration: 3476ms -->
          <step title="Cleaning up temp files" date="2025-11-12T18:42:53.675" /><!-- duration: 519ms -->
          <step title="Reloading status file with latest updates" date="2025-11-12T18:42:54.215" >
            <step title="WebHooksManager.PublishEventAsync: PostDeployment" date="2025-11-12T18:42:54.221" /><!-- duration: 282ms -->
          </step><!-- duration: 290ms -->
          <step title="Cleaning up temporary deployment - fetch deployment was successful" date="2025-11-12T18:42:54.507" /><!-- duration: 5ms -->
        </step><!-- duration: 308852ms -->
      </step><!-- duration: 311006ms -->
