﻿<?xml version="1.0" encoding="utf-8"?>
<deployment>
  <id>747d4402-df51-487a-9b72-43687fb30f54</id>
  <author>N/A</author>
  <deployer>Push-Deployer</deployer>
  <authorEmail>N/A</authorEmail>
  <message>Created via a push deployment</message>
  <progress></progress>
  <status>Success</status>
  <statusText></statusText>
  <lastSuccessEndTime>2025-11-12T18:42:49.8196284Z</lastSuccessEndTime>
  <receivedTime>2025-11-12T18:37:43.7573793Z</receivedTime>
  <startTime>2025-11-12T18:37:45.5040843Z</startTime>
  <endTime>2025-11-12T18:42:49.8196284Z</endTime>
  <complete>True</complete>
  <is_temp>False</is_temp>
  <is_readonly>True</is_readonly>
  <buildSummary />
</deployment>