﻿<?xml version="1.0" encoding="utf-8"?>
<deployment>
  <id>905f97e6-0c75-4d07-8821-e82aedb4c0aa</id>
  <author>N/A</author>
  <deployer>Push-Deployer</deployer>
  <authorEmail>N/A</authorEmail>
  <message>Created via a push deployment</message>
  <progress></progress>
  <status>Success</status>
  <statusText></statusText>
  <lastSuccessEndTime>2025-11-12T19:05:28.7522598Z</lastSuccessEndTime>
  <receivedTime>2025-11-12T18:59:50.0431314Z</receivedTime>
  <startTime>2025-11-12T18:59:51.7162508Z</startTime>
  <endTime>2025-11-12T19:05:28.7522598Z</endTime>
  <complete>True</complete>
  <is_temp>False</is_temp>
  <is_readonly>True</is_readonly>
  <buildSummary />
</deployment>